"DR Plan, Season, and Bin",2041 Potential
oldbins_Summer_bin1,1936.9186438400413
oldbins_Summer_bin2,537.9849491576227
oldbins_Summer_bin3,966.7766445280237
oldbins_Summer_bin4,288.7243254960188
oldbins_Winter_bin1,777.5326198503418
oldbins_Winter_bin2,335.0832653696077
oldbins_Winter_bin3,1561.9827890684599
oldbins_Winter_bin4,85.9765596213413
newbins_Summer_bin1,774.8812283938087
newbins_Winter_bin1,628.3258104222907
newbins_Fall_bin1,628.3258104222907
