,oldbins_bin1,oldbins_bin2,oldbins_bin3,oldbins_bin4,newbins_bin1_shed,newbins_bin1_shift
Winter,40700.092311743865,-1144.2840302132356,-734.255061013066,-50.582341471496406,499468.47967983386,417872.9391784364
Summer,135207.92662383695,-3004.9139519386213,-3976.7223240882004,-1342.8393448883537,930349.6460627017,622441.9303360766
Fall,,,,,747617.7078688648,640601.116849902
